condition,seed,fold,n_test_windows,n_test_subjects,accuracy,sensitivity,specificity,precision,f1_score,roc_auc
original_A1A2_same_windows,0,0,1662,24,0.8549939831528279,0.9379760609357998,0.7523553162853297,0.8240917782026769,0.87735368956743,0.913263729520501
common_average_reference,0,0,1662,24,0.8405535499398316,0.9673558215451578,0.6837146702557201,0.7909252669039146,0.8702887909936369,0.9080046337452057
original_A1A2_same_windows,0,1,1562,24,0.7887323943661971,0.6741573033707865,0.9404761904761905,0.9375,0.7843137254901961,0.8452564874264312
common_average_reference,0,1,1562,24,0.8322663252240717,0.7573033707865169,0.9315476190476191,0.9361111111111111,0.8372670807453417,0.90834085741038
original_A1A2_same_windows,0,2,1659,24,0.8378541289933695,0.9180695847362514,0.7447916666666666,0.8067061143984221,0.8587926509186352,0.9298190235690236
common_average_reference,0,2,1659,24,0.9071729957805907,0.9966329966329966,0.8033854166666666,0.8546679499518768,0.9202072538860104,0.9710845433501684
original_A1A2_same_windows,0,3,1608,24,0.7742537313432836,0.7698412698412699,0.7796143250688705,0.8092967818831943,0.789076118535735,0.8513825640449018
common_average_reference,0,3,1608,24,0.7630597014925373,0.7981859410430839,0.7203856749311295,0.7761852260198456,0.78703186137507,0.8359366703522547
original_A1A2_same_windows,0,4,1722,24,0.8373983739837398,0.8459958932238193,0.8262032085561497,0.8637316561844863,0.8547717842323652,0.8980388496634419
common_average_reference,0,4,1722,24,0.8292682926829268,0.9209445585215605,0.7098930481283422,0.8052064631956912,0.8591954022988506,0.9161480580658623
original_A1A2_same_windows,1,0,1662,24,0.8134777376654633,0.8781284004352558,0.7335127860026918,0.8029850746268656,0.8388773388773388,0.8613200901559275
common_average_reference,1,0,1662,24,0.7352587244283996,0.9499455930359086,0.4697173620457604,0.6890292028413575,0.7987191216834401,0.8363111931893904
original_A1A2_same_windows,1,1,1562,24,0.79449423815621,0.7168539325842697,0.8973214285714286,0.9024045261669024,0.7989981214777708,0.878051431246656
common_average_reference,1,1,1562,24,0.8437900128040973,0.8089887640449438,0.8898809523809523,0.906801007556675,0.8551068883610451,0.9124398073836276
original_A1A2_same_windows,1,2,1659,24,0.9023508137432188,0.9966329966329966,0.79296875,0.8481375358166189,0.9164086687306501,0.9906143319771792
common_average_reference,1,2,1659,24,0.8288125376732972,0.877665544332211,0.7721354166666666,0.8171368861024033,0.8463203463203464,0.8968723695286196
original_A1A2_same_windows,1,3,1608,24,0.7133084577114428,0.8299319727891157,0.571625344352617,0.7018216682646213,0.7605194805194806,0.7492988012468533
common_average_reference,1,3,1608,24,0.7332089552238806,0.7380952380952381,0.7272727272727273,0.7667844522968198,0.7521663778162911,0.7683350199583966
original_A1A2_same_windows,1,4,1722,24,0.7909407665505227,0.8603696098562629,0.7005347593582888,0.7890772128060264,0.8231827111984283,0.8915698536274694
common_average_reference,1,4,1722,24,0.8164924506387921,0.9147843942505134,0.6885026737967914,0.7927046263345195,0.8493803622497617,0.9291368358058175
original_A1A2_same_windows,2,0,1662,24,0.8206979542719615,0.9379760609357998,0.6756393001345895,0.7815049864007253,0.8526211671612266,0.8710254724179392
common_average_reference,2,0,1662,24,0.8182912154031288,0.9270946681175191,0.6837146702557201,0.7838086476540939,0.8494516450648055,0.8755025138507097
original_A1A2_same_windows,2,1,1562,24,0.7816901408450704,0.6550561797752809,0.9494047619047619,0.9448946515397083,0.7737226277372263,0.8941044676297486
common_average_reference,2,1,1562,24,0.8335467349551856,0.8134831460674158,0.8601190476190477,0.8850855745721271,0.847775175644028,0.9198225989834137
original_A1A2_same_windows,2,2,1659,24,0.8474984930681133,0.9079685746352413,0.77734375,0.8255102040816327,0.8647781934794229,0.9368197308735503
common_average_reference,2,2,1659,24,0.9035563592525618,0.8911335578002245,0.91796875,0.926487747957993,0.9084668192219679,0.960777479657688
original_A1A2_same_windows,2,3,1608,24,0.7810945273631841,0.7777777777777778,0.7851239669421488,0.8147268408551069,0.7958236658932714,0.7763886546354078
common_average_reference,2,3,1608,24,0.7655472636815921,0.7777777777777778,0.7506887052341598,0.7912341407151096,0.7844482561463694,0.8653042484211315
original_A1A2_same_windows,2,4,1722,24,0.7903600464576074,0.8480492813141683,0.7152406417112299,0.794995187680462,0.8206656731246894,0.8436206338051367
common_average_reference,2,4,1722,24,0.7990708478513356,0.8870636550308009,0.6844919786096256,0.7854545454545454,0.833172613307618,0.884627315551944
original_A1A2_same_windows,3,0,1662,24,0.8598074608904934,0.9270946681175191,0.7765814266487214,0.8369351669941061,0.879710893133712,0.9100351924454138
common_average_reference,3,0,1662,24,0.8477737665463297,0.8715995647442872,0.8183041722745625,0.8557692307692307,0.8636118598382749,0.9071720534198768
original_A1A2_same_windows,3,1,1562,24,0.7804097311139565,0.6415730337078651,0.9642857142857143,0.9596638655462185,0.7690235690235689,0.87170278223649
common_average_reference,3,1,1562,24,0.8348271446862996,0.8,0.8809523809523809,0.898989898989899,0.8466111771700358,0.8985946696094169
original_A1A2_same_windows,3,2,1659,24,0.8710066305003014,0.9652076318742986,0.76171875,0.8245445829338447,0.889348500517063,0.942815744248036
common_average_reference,3,2,1659,24,0.869198312236287,0.9113355780022446,0.8203125,0.8547368421052631,0.8821292775665398,0.930885095164609
original_A1A2_same_windows,3,3,1608,24,0.8501243781094527,0.8752834467120182,0.8195592286501377,0.8549280177187154,0.8649859943977591,0.906160398043515
common_average_reference,3,3,1608,24,0.7058457711442786,0.7777777777777778,0.6184573002754821,0.7123572170301142,0.7436314363143632,0.8202705783874615
original_A1A2_same_windows,3,4,1722,24,0.7613240418118467,0.7340862422997947,0.7967914438502673,0.8246828143021915,0.7767517653449213,0.8483025233614071
common_average_reference,3,4,1722,24,0.7839721254355401,0.7566735112936345,0.81951871657754,0.8451834862385321,0.7984832069339112,0.8500779628633235
original_A1A2_same_windows,4,0,1662,24,0.8279181708784596,0.8541893362350381,0.7954239569313594,0.8377801494130203,0.845905172413793,0.8845920649310137
common_average_reference,4,0,1662,24,0.8110709987966306,0.911860718171926,0.6864064602960969,0.7824463118580766,0.8422110552763818,0.8842398475726293
original_A1A2_same_windows,4,1,1562,24,0.8169014084507042,0.7134831460674157,0.9538690476190477,0.9534534534534534,0.8161953727506426,0.9158482142857143
common_average_reference,4,1,1562,24,0.8111395646606914,0.8191011235955056,0.8005952380952381,0.8447276940903824,0.8317170564746149,0.9062382958801498
original_A1A2_same_windows,4,2,1659,24,0.8547317661241712,0.8933782267115601,0.8098958333333334,0.8450106157112527,0.8685215493726132,0.9529496352413019
common_average_reference,4,2,1659,24,0.8444846292947559,0.8922558922558923,0.7890625,0.8307210031347962,0.8603896103896105,0.9419988367471006
original_A1A2_same_windows,4,3,1608,24,0.6735074626865671,0.7063492063492064,0.6336088154269972,0.7007874015748031,0.7035573122529645,0.7130972682920735
common_average_reference,4,3,1608,24,0.763681592039801,0.7721088435374149,0.7534435261707989,0.791860465116279,0.7818599311136625,0.813822360900283
original_A1A2_same_windows,4,4,1722,24,0.832171893147503,0.973305954825462,0.6483957219251337,0.782824112303881,0.8677345537757436,0.9191272551581768
common_average_reference,4,4,1722,24,0.7508710801393729,0.7505133470225873,0.7513368983957219,0.797164667393675,0.7731359069275515,0.8283465010047327
original_A1A2_same_windows,5,0,1662,24,0.8561973525872443,0.8770402611534276,0.8304172274562585,0.8648068669527897,0.8708806050783361,0.9001313675552893
common_average_reference,5,0,1662,24,0.8243080625752106,0.8476605005440696,0.7954239569313594,0.8367346938775511,0.8421621621621622,0.8864315036093127
original_A1A2_same_windows,5,1,1562,24,0.7925736235595391,0.6764044943820224,0.9464285714285714,0.9435736677115988,0.787958115183246,0.8535078919208132
common_average_reference,5,1,1562,24,0.8463508322663252,0.7674157303370787,0.9508928571428571,0.9539106145251397,0.8505603985056042,0.8928805510968432
original_A1A2_same_windows,5,2,1659,24,0.9294755877034359,0.9741863075196409,0.8776041666666666,0.9022869022869023,0.9368591473286563,0.9879144453797232
common_average_reference,5,2,1659,24,0.7787823990355636,0.8507295173961841,0.6953125,0.7641129032258065,0.8050982474774298,0.8790604248503554
original_A1A2_same_windows,5,3,1608,24,0.7518656716417911,0.7845804988662132,0.7121212121212122,0.7680355160932297,0.776219854178351,0.8349496823522797
common_average_reference,5,3,1608,24,0.7779850746268657,0.7777777777777778,0.778236914600551,0.8099173553719008,0.7935222672064778,0.8030279604954929
original_A1A2_same_windows,5,4,1722,24,0.8013937282229965,0.9363449691991786,0.6256684491978609,0.7651006711409396,0.8421052631578947,0.8736816315101738
common_average_reference,5,4,1722,24,0.8466898954703833,0.9383983572895277,0.7272727272727273,0.817531305903399,0.8738049713193117,0.8964418462923718
original_A1A2_same_windows,6,0,1662,24,0.8561973525872443,0.8879216539717084,0.8169582772543742,0.8571428571428571,0.872260823089257,0.9073785509148133
common_average_reference,6,0,1662,24,0.8194945848375451,0.9379760609357998,0.6729475100942126,0.7800904977375566,0.8517786561264822,0.9102263124673229
original_A1A2_same_windows,6,1,1562,24,0.8393085787451985,0.9089887640449438,0.7470238095238095,0.8263534218590398,0.8657035848047084,0.9268007624398075
common_average_reference,6,1,1562,24,0.7477592829705506,0.7292134831460674,0.7723214285714286,0.8092269326683291,0.7671394799054373,0.8138810861423221
original_A1A2_same_windows,6,2,1659,24,0.8758288125376733,0.9461279461279462,0.7942708333333334,0.8421578421578422,0.8911205073995773,0.9522686354283576
common_average_reference,6,2,1659,24,0.8547317661241712,0.8518518518518519,0.8580729166666666,0.8744239631336406,0.8629903354178511,0.9056479143284699
original_A1A2_same_windows,6,3,1608,24,0.7425373134328358,0.7732426303854876,0.7052341597796143,0.7611607142857143,0.7671541057367829,0.813817675830663
common_average_reference,6,3,1608,24,0.763681592039801,0.7970521541950113,0.7231404958677686,0.7776548672566371,0.7872340425531914,0.7801023531543012
original_A1A2_same_windows,6,4,1722,24,0.8211382113821138,0.9168377823408624,0.696524064171123,0.7973214285714286,0.8529130850047755,0.9211140728458642
common_average_reference,6,4,1722,24,0.829849012775842,0.8993839835728953,0.7393048128342246,0.8179271708683473,0.8567237163814182,0.8896592144417969
original_A1A2_same_windows,7,0,1662,24,0.8285198555956679,0.9445048966267682,0.6850605652759085,0.7876588021778584,0.8589807026224642,0.8951358856033168
common_average_reference,7,0,1662,24,0.8381468110709988,0.8781284004352558,0.7886944818304172,0.8371369294605809,0.8571428571428572,0.9103200418267265
original_A1A2_same_windows,7,1,1562,24,0.8425096030729834,0.8033707865168539,0.8943452380952381,0.9096692111959288,0.8532219570405727,0.8870886837881219
common_average_reference,7,1,1562,24,0.8847631241997439,0.8662921348314607,0.9092261904761905,0.9266826923076923,0.8954703832752614,0.9406785045478865
original_A1A2_same_windows,7,2,1659,24,0.8450874020494273,0.8855218855218855,0.7981770833333334,0.8358050847457628,0.8599455040871934,0.9307762228769173
common_average_reference,7,2,1659,24,0.9059674502712477,0.9046015712682379,0.9075520833333334,0.9190421892816419,0.9117647058823529,0.9634459467358775
original_A1A2_same_windows,7,3,1608,24,0.7786069651741293,0.764172335600907,0.7961432506887053,0.8199513381995134,0.7910798122065729,0.8432086792476403
common_average_reference,7,3,1608,24,0.7356965174129353,0.7834467120181405,0.6776859504132231,0.7470270270270271,0.7648035417819592,0.7689167494362299
original_A1A2_same_windows,7,4,1722,24,0.8066202090592335,0.9620123203285421,0.6042780748663101,0.7599351175993512,0.8491164476665157,0.8280362966541853
common_average_reference,7,4,1722,24,0.8490127758420442,0.9106776180698152,0.7687165775401069,0.8367924528301887,0.8721730580137659,0.9234653120161637
original_A1A2_same_windows,8,0,1662,24,0.8014440433212996,0.9140369967355821,0.6621803499327052,0.76993583868011,0.835820895522388,0.8556245670509084
common_average_reference,8,0,1662,24,0.8194945848375451,0.9162132752992383,0.6998654104979811,0.7906103286384977,0.8487903225806451,0.9133574588799049
original_A1A2_same_windows,8,1,1562,24,0.7746478873239436,0.6775280898876405,0.9032738095238095,0.9026946107784432,0.7740693196405648,0.894925428036383
common_average_reference,8,1,1562,24,0.8194622279129321,0.702247191011236,0.9747023809523809,0.9735202492211839,0.8159268929503917,0.8851641920813269
original_A1A2_same_windows,8,2,1659,24,0.8673899939722725,0.8439955106621774,0.89453125,0.9027611044417767,0.8723897911832947,0.9434762848391322
common_average_reference,8,2,1659,24,0.8499095840867993,0.9259259259259259,0.76171875,0.8184523809523809,0.8688783570300157,0.9403862116535726
original_A1A2_same_windows,8,3,1608,24,0.7052238805970149,0.7244897959183674,0.6818181818181818,0.7344827586206897,0.7294520547945206,0.770918055008964
common_average_reference,8,3,1608,24,0.7406716417910447,0.7426303854875284,0.7382920110192838,0.7751479289940828,0.7585408222350897,0.7759490389360519
original_A1A2_same_windows,8,4,1722,24,0.7955865272938444,0.9589322381930184,0.5828877005347594,0.7495987158908507,0.8414414414414414,0.8557137994268083
common_average_reference,8,4,1722,24,0.7502903600464577,0.9496919917864476,0.49064171122994654,0.7082695252679939,0.8114035087719299,0.8876991621737366
original_A1A2_same_windows,9,0,1662,24,0.7978339350180506,0.8487486398258978,0.7348586810228802,0.7983623336745138,0.8227848101265823,0.8621541350024969
common_average_reference,9,0,1662,24,0.8477737665463297,0.9455930359085963,0.7267833109017496,0.8106343283582089,0.8729281767955802,0.9112199901291268
original_A1A2_same_windows,9,1,1562,24,0.8028169014084507,0.7752808988764045,0.8392857142857143,0.8646616541353384,0.8175355450236967,0.8767338817549493
common_average_reference,9,1,1562,24,0.8130601792573624,0.7235955056179775,0.9315476190476191,0.9333333333333333,0.8151898734177214,0.9184122525414661
original_A1A2_same_windows,9,2,1659,24,0.8143459915611815,0.8260381593714927,0.80078125,0.8278965129358831,0.8269662921348315,0.9055828832304527
common_average_reference,9,2,1659,24,0.9168173598553345,0.9775533108866442,0.8463541666666666,0.8806875631951466,0.926595744680851,0.9818241734474373
original_A1A2_same_windows,9,3,1608,24,0.6915422885572139,0.800453514739229,0.559228650137741,0.6881091617933723,0.7400419287211739,0.7705268516956829
common_average_reference,9,3,1608,24,0.7705223880597015,0.8435374149659864,0.6818181818181818,0.7630769230769231,0.801292407108239,0.8403148679122706
original_A1A2_same_windows,9,4,1722,24,0.7787456445993032,0.8439425051334702,0.6938502673796791,0.7821122740247384,0.8118518518518519,0.8622541699151194
common_average_reference,9,4,1722,24,0.7799070847851336,0.9229979466119097,0.5935828877005348,0.7472984206151289,0.8259072117593017,0.8643610888447223
